case_number,patient_id,origin,origin_pt,partition,actual_class,mlp_normal_probability,mlp_normal_prediction,mlp_normal_threshold,best_kmeans_model,best_kmeans_probability,best_kmeans_prediction,best_kmeans_threshold
1,1254,hungarian,Húngaro,Treino,0,0.000000,0,0.11,MLP+KMeans(k=8),0.081114,0,0.27
2,1255,hungarian,Húngaro,Validacao,1,0.000004,0,0.11,MLP+KMeans(k=8),0.136412,0,0.27
3,1256,hungarian,Húngaro,Treino,0,0.996209,1,0.11,MLP+KMeans(k=8),0.035156,0,0.27
4,1257,hungarian,Húngaro,Treino,1,0.087384,0,0.11,MLP+KMeans(k=8),0.680115,1,0.27
5,1258,hungarian,Húngaro,Teste,0,0.017142,0,0.11,MLP+KMeans(k=8),0.190957,0,0.27
6,1259,hungarian,Húngaro,Treino,0,0.000000,0,0.11,MLP+KMeans(k=8),0.142734,0,0.27
7,1260,hungarian,Húngaro,Treino,0,0.000000,0,0.11,MLP+KMeans(k=8),0.039405,0,0.27
8,1261,hungarian,Húngaro,Treino,0,0.000000,0,0.11,MLP+KMeans(k=8),0.076688,0,0.27
9,1262,hungarian,Húngaro,Teste,1,0.000138,0,0.11,MLP+KMeans(k=8),0.917695,1,0.27
10,1263,hungarian,Húngaro,Validacao,0,0.040328,0,0.11,MLP+KMeans(k=8),0.036678,0,0.27
11,1264,hungarian,Húngaro,Treino,0,0.000000,0,0.11,MLP+KMeans(k=8),0.069505,0,0.27
12,1265,hungarian,Húngaro,Treino,1,0.620652,1,0.11,MLP+KMeans(k=8),0.767870,1,0.27
13,1266,hungarian,Húngaro,Treino,0,0.000000,0,0.11,MLP+KMeans(k=8),0.039882,0,0.27
14,1267,hungarian,Húngaro,Validacao,1,0.000009,0,0.11,MLP+KMeans(k=8),0.919255,1,0.27
15,1268,hungarian,Húngaro,Treino,0,0.000000,0,0.11,MLP+KMeans(k=8),0.031946,0,0.27
16,1269,hungarian,Húngaro,Teste,0,0.000001,0,0.11,MLP+KMeans(k=8),0.092130,0,0.27
17,1270,hungarian,Húngaro,Validacao,1,0.000000,0,0.11,MLP+KMeans(k=8),0.240300,0,0.27
18,1271,hungarian,Húngaro,Validacao,0,0.000000,0,0.11,MLP+KMeans(k=8),0.040702,0,0.27
19,1272,hungarian,Húngaro,Treino,1,0.000025,0,0.11,MLP+KMeans(k=8),0.508966,1,0.27
20,1273,hungarian,Húngaro,Treino,1,0.000000,0,0.11,MLP+KMeans(k=8),0.473134,1,0.27
21,1274,hungarian,Húngaro,Treino,0,0.000000,0,0.11,MLP+KMeans(k=8),0.032702,0,0.27
22,1275,hungarian,Húngaro,Treino,0,0.000000,0,0.11,MLP+KMeans(k=8),0.077855,0,0.27
23,1276,hungarian,Húngaro,Treino,0,0.000000,0,0.11,MLP+KMeans(k=8),0.042553,0,0.27
24,1277,hungarian,Húngaro,Validacao,1,0.000078,0,0.11,MLP+KMeans(k=8),0.783854,1,0.27
25,1278,hungarian,Húngaro,Treino,0,0.000001,0,0.11,MLP+KMeans(k=8),0.086252,0,0.27
26,1279,hungarian,Húngaro,Treino,0,0.000000,0,0.11,MLP+KMeans(k=8),0.123315,0,0.27
27,1280,hungarian,Húngaro,Treino,0,0.084090,0,0.11,MLP+KMeans(k=8),0.891701,1,0.27
28,1281,hungarian,Húngaro,Treino,0,0.071973,0,0.11,MLP+KMeans(k=8),0.062064,0,0.27
29,1282,hungarian,Húngaro,Treino,0,0.999972,1,0.11,MLP+KMeans(k=8),0.077702,0,0.27
30,1283,hungarian,Húngaro,Treino,0,0.000000,0,0.11,MLP+KMeans(k=8),0.052433,0,0.27
31,1284,hungarian,Húngaro,Treino,1,1.000000,1,0.11,MLP+KMeans(k=8),0.284035,1,0.27
32,1285,hungarian,Húngaro,Treino,0,0.003220,0,0.11,MLP+KMeans(k=8),0.259790,0,0.27
33,1286,hungarian,Húngaro,Treino,1,0.000150,0,0.11,MLP+KMeans(k=8),0.959054,1,0.27
34,1287,hungarian,Húngaro,Treino,1,0.000009,0,0.11,MLP+KMeans(k=8),0.647898,1,0.27
35,1288,hungarian,Húngaro,Validacao,0,0.000001,0,0.11,MLP+KMeans(k=8),0.033555,0,0.27
36,1289,hungarian,Húngaro,Treino,0,0.000000,0,0.11,MLP+KMeans(k=8),0.050831,0,0.27
37,1290,hungarian,Húngaro,Teste,1,0.999995,1,0.11,MLP+KMeans(k=8),0.966888,1,0.27
38,1291,hungarian,Húngaro,Treino,0,0.000000,0,0.11,MLP+KMeans(k=8),0.015083,0,0.27
39,1292,hungarian,Húngaro,Treino,0,0.000000,0,0.11,MLP+KMeans(k=8),0.025706,0,0.27
40,1293,hungarian,Húngaro,Treino,0,0.002142,0,0.11,MLP+KMeans(k=8),0.168360,0,0.27
41,1294,hungarian,Húngaro,Treino,0,0.001674,0,0.11,MLP+KMeans(k=8),0.034422,0,0.27
42,1295,hungarian,Húngaro,Treino,1,0.996862,1,0.11,MLP+KMeans(k=8),0.148326,0,0.27
43,1296,hungarian,Húngaro,Treino,0,0.000000,0,0.11,MLP+KMeans(k=8),0.082692,0,0.27
44,1297,hungarian,Húngaro,Treino,0,0.000000,0,0.11,MLP+KMeans(k=8),0.123420,0,0.27
45,1298,hungarian,Húngaro,Treino,1,0.000041,0,0.11,MLP+KMeans(k=8),0.954982,1,0.27
46,1299,hungarian,Húngaro,Treino,0,0.629586,1,0.11,MLP+KMeans(k=8),0.599335,1,0.27
47,1300,hungarian,Húngaro,Treino,0,0.000000,0,0.11,MLP+KMeans(k=8),0.176602,0,0.27
48,1301,hungarian,Húngaro,Teste,0,0.000000,0,0.11,MLP+KMeans(k=8),0.114071,0,0.27
49,1302,hungarian,Húngaro,Treino,0,0.000000,0,0.11,MLP+KMeans(k=8),0.105015,0,0.27
50,1303,hungarian,Húngaro,Treino,1,0.000000,0,0.11,MLP+KMeans(k=8),0.320383,1,0.27
51,1304,hungarian,Húngaro,Validacao,1,0.001071,0,0.11,MLP+KMeans(k=8),0.937593,1,0.27
52,1305,hungarian,Húngaro,Treino,1,0.066651,0,0.11,MLP+KMeans(k=8),0.783075,1,0.27
53,1306,hungarian,Húngaro,Teste,0,0.001894,0,0.11,MLP+KMeans(k=8),0.078024,0,0.27
54,1307,hungarian,Húngaro,Treino,0,0.000000,0,0.11,MLP+KMeans(k=8),0.028684,0,0.27
55,1308,hungarian,Húngaro,Treino,0,0.000001,0,0.11,MLP+KMeans(k=8),0.632895,1,0.27
56,1309,hungarian,Húngaro,Teste,0,0.000000,0,0.11,MLP+KMeans(k=8),0.055483,0,0.27
57,1310,hungarian,Húngaro,Teste,1,0.000000,0,0.11,MLP+KMeans(k=8),0.778626,1,0.27
58,1183,hungarian,Húngaro,Teste,1,0.000001,0,0.11,MLP+KMeans(k=8),0.312456,1,0.27
59,1184,hungarian,Húngaro,Validacao,0,0.899766,1,0.11,MLP+KMeans(k=8),0.310253,1,0.27
60,1185,hungarian,Húngaro,Treino,1,0.999878,1,0.11,MLP+KMeans(k=8),0.868187,1,0.27
61,1186,hungarian,Húngaro,Teste,0,0.000000,0,0.11,MLP+KMeans(k=8),0.121887,0,0.27
62,1187,hungarian,Húngaro,Treino,0,0.000000,0,0.11,MLP+KMeans(k=8),0.074285,0,0.27
63,1188,hungarian,Húngaro,Treino,0,0.000001,0,0.11,MLP+KMeans(k=8),0.304660,1,0.27
64,1189,hungarian,Húngaro,Treino,1,0.003862,0,0.11,MLP+KMeans(k=8),0.923159,1,0.27
65,1190,hungarian,Húngaro,Treino,0,0.000000,0,0.11,MLP+KMeans(k=8),0.050662,0,0.27
66,1191,hungarian,Húngaro,Treino,0,0.000192,0,0.11,MLP+KMeans(k=8),0.034625,0,0.27
67,1192,hungarian,Húngaro,Teste,0,0.000107,0,0.11,MLP+KMeans(k=8),0.157855,0,0.27
68,1193,hungarian,Húngaro,Treino,0,0.000000,0,0.11,MLP+KMeans(k=8),0.095930,0,0.27
69,1194,hungarian,Húngaro,Treino,1,0.999987,1,0.11,MLP+KMeans(k=8),0.961480,1,0.27
70,1195,hungarian,Húngaro,Treino,0,0.002506,0,0.11,MLP+KMeans(k=8),0.491416,1,0.27
71,1196,hungarian,Húngaro,Treino,1,0.000018,0,0.11,MLP+KMeans(k=8),0.428486,1,0.27
72,1197,hungarian,Húngaro,Treino,0,0.000004,0,0.11,MLP+KMeans(k=8),0.035679,0,0.27
73,1198,hungarian,Húngaro,Treino,1,0.000000,0,0.11,MLP+KMeans(k=8),0.384708,1,0.27
74,1199,hungarian,Húngaro,Treino,0,0.000607,0,0.11,MLP+KMeans(k=8),0.069405,0,0.27
75,1200,hungarian,Húngaro,Teste,1,0.005624,0,0.11,MLP+KMeans(k=8),0.911179,1,0.27
76,1201,hungarian,Húngaro,Treino,0,0.063939,0,0.11,MLP+KMeans(k=8),0.207606,0,0.27
77,1202,hungarian,Húngaro,Treino,1,1.000000,1,0.11,MLP+KMeans(k=8),0.499889,1,0.27
78,1203,hungarian,Húngaro,Validacao,0,0.000000,0,0.11,MLP+KMeans(k=8),0.155909,0,0.27
79,1204,hungarian,Húngaro,Teste,0,0.062931,0,0.11,MLP+KMeans(k=8),0.275584,1,0.27
80,1205,hungarian,Húngaro,Treino,1,0.000000,0,0.11,MLP+KMeans(k=8),0.281850,1,0.27
81,1206,hungarian,Húngaro,Treino,0,0.000000,0,0.11,MLP+KMeans(k=8),0.162125,0,0.27
82,1207,hungarian,Húngaro,Treino,0,0.000000,0,0.11,MLP+KMeans(k=8),0.067682,0,0.27
83,1208,hungarian,Húngaro,Treino,1,0.127975,1,0.11,MLP+KMeans(k=8),0.480727,1,0.27
84,1209,hungarian,Húngaro,Validacao,0,0.000000,0,0.11,MLP+KMeans(k=8),0.091171,0,0.27
85,1210,hungarian,Húngaro,Treino,1,0.008406,0,0.11,MLP+KMeans(k=8),0.930034,1,0.27
86,1211,hungarian,Húngaro,Treino,1,0.960855,1,0.11,MLP+KMeans(k=8),0.885641,1,0.27
87,1212,hungarian,Húngaro,Treino,1,0.984346,1,0.11,MLP+KMeans(k=8),0.962066,1,0.27
88,1213,hungarian,Húngaro,Teste,0,0.000006,0,0.11,MLP+KMeans(k=8),0.274464,1,0.27
89,1214,hungarian,Húngaro,Teste,1,0.000001,0,0.11,MLP+KMeans(k=8),0.018464,0,0.27
90,1215,hungarian,Húngaro,Validacao,0,0.100620,0,0.11,MLP+KMeans(k=8),0.901487,1,0.27
91,1216,hungarian,Húngaro,Validacao,0,0.000000,0,0.11,MLP+KMeans(k=8),0.051093,0,0.27
92,1217,hungarian,Húngaro,Treino,0,0.000857,0,0.11,MLP+KMeans(k=8),0.243339,0,0.27
93,1218,hungarian,Húngaro,Teste,0,0.000000,0,0.11,MLP+KMeans(k=8),0.042921,0,0.27
94,1219,hungarian,Húngaro,Treino,1,1.000000,1,0.11,MLP+KMeans(k=8),0.884122,1,0.27
95,1220,hungarian,Húngaro,Treino,0,0.000000,0,0.11,MLP+KMeans(k=8),0.064890,0,0.27
96,1221,hungarian,Húngaro,Treino,1,0.000021,0,0.11,MLP+KMeans(k=8),0.920545,1,0.27
97,1222,hungarian,Húngaro,Treino,0,0.000018,0,0.11,MLP+KMeans(k=8),0.036407,0,0.27
98,1223,hungarian,Húngaro,Teste,0,0.000034,0,0.11,MLP+KMeans(k=8),0.229181,0,0.27
99,1224,hungarian,Húngaro,Treino,0,0.001899,0,0.11,MLP+KMeans(k=8),0.602601,1,0.27
100,1225,hungarian,Húngaro,Validacao,0,0.000006,0,0.11,MLP+KMeans(k=8),0.039579,0,0.27
101,1226,hungarian,Húngaro,Treino,1,0.189095,1,0.11,MLP+KMeans(k=8),0.783432,1,0.27
102,1227,hungarian,Húngaro,Treino,0,0.139115,1,0.11,MLP+KMeans(k=8),0.629349,1,0.27
103,1228,hungarian,Húngaro,Treino,1,0.997402,1,0.11,MLP+KMeans(k=8),0.344484,1,0.27
104,1229,hungarian,Húngaro,Treino,1,0.930746,1,0.11,MLP+KMeans(k=8),0.681665,1,0.27
105,1230,hungarian,Húngaro,Treino,1,0.000006,0,0.11,MLP+KMeans(k=8),0.479482,1,0.27
106,1231,hungarian,Húngaro,Treino,0,0.000051,0,0.11,MLP+KMeans(k=8),0.548863,1,0.27
107,1232,hungarian,Húngaro,Treino,0,0.063253,0,0.11,MLP+KMeans(k=8),0.068966,0,0.27
108,1233,hungarian,Húngaro,Teste,0,0.000000,0,0.11,MLP+KMeans(k=8),0.034774,0,0.27
109,1234,hungarian,Húngaro,Teste,0,0.001117,0,0.11,MLP+KMeans(k=8),0.469990,1,0.27
110,1235,hungarian,Húngaro,Teste,0,0.999961,1,0.11,MLP+KMeans(k=8),0.124957,0,0.27
111,1236,hungarian,Húngaro,Treino,0,0.000145,0,0.11,MLP+KMeans(k=8),0.069566,0,0.27
112,1237,hungarian,Húngaro,Treino,1,0.999240,1,0.11,MLP+KMeans(k=8),0.931581,1,0.27
113,1238,hungarian,Húngaro,Validacao,0,0.036813,0,0.11,MLP+KMeans(k=8),0.903124,1,0.27
114,1239,hungarian,Húngaro,Treino,0,0.000049,0,0.11,MLP+KMeans(k=8),0.049000,0,0.27
115,1240,hungarian,Húngaro,Treino,0,0.000003,0,0.11,MLP+KMeans(k=8),0.025642,0,0.27
116,1241,hungarian,Húngaro,Treino,1,0.000000,0,0.11,MLP+KMeans(k=8),0.378156,1,0.27
117,1242,hungarian,Húngaro,Teste,1,0.000000,0,0.11,MLP+KMeans(k=8),0.264541,0,0.27
118,1243,hungarian,Húngaro,Treino,1,0.248787,1,0.11,MLP+KMeans(k=8),0.854259,1,0.27
119,1244,hungarian,Húngaro,Treino,0,0.000000,0,0.11,MLP+KMeans(k=8),0.020305,0,0.27
120,1245,hungarian,Húngaro,Treino,1,0.000000,0,0.11,MLP+KMeans(k=8),0.052281,0,0.27
121,1246,hungarian,Húngaro,Treino,1,0.000000,0,0.11,MLP+KMeans(k=8),0.111968,0,0.27
122,1247,hungarian,Húngaro,Teste,0,0.000035,0,0.11,MLP+KMeans(k=8),0.074958,0,0.27
123,1248,hungarian,Húngaro,Validacao,0,0.000000,0,0.11,MLP+KMeans(k=8),0.196298,0,0.27
124,1249,hungarian,Húngaro,Treino,1,1.000000,1,0.11,MLP+KMeans(k=8),0.421730,1,0.27
125,1118,hungarian,Húngaro,Treino,0,0.000000,0,0.11,MLP+KMeans(k=8),0.088214,0,0.27
126,1119,hungarian,Húngaro,Treino,0,0.041745,0,0.11,MLP+KMeans(k=8),0.079165,0,0.27
127,1120,hungarian,Húngaro,Treino,0,0.000000,0,0.11,MLP+KMeans(k=8),0.076821,0,0.27
128,1121,hungarian,Húngaro,Validacao,0,0.000001,0,0.11,MLP+KMeans(k=8),0.593369,1,0.27
129,1122,hungarian,Húngaro,Treino,0,0.000001,0,0.11,MLP+KMeans(k=8),0.071362,0,0.27
130,1123,hungarian,Húngaro,Validacao,0,0.000000,0,0.11,MLP+KMeans(k=8),0.857017,1,0.27
131,1124,hungarian,Húngaro,Validacao,0,0.047798,0,0.11,MLP+KMeans(k=8),0.093938,0,0.27
132,1125,hungarian,Húngaro,Treino,1,0.000000,0,0.11,MLP+KMeans(k=8),0.538026,1,0.27
133,1126,hungarian,Húngaro,Treino,1,0.999979,1,0.11,MLP+KMeans(k=8),0.811671,1,0.27
134,1127,hungarian,Húngaro,Teste,1,0.009526,0,0.11,MLP+KMeans(k=8),0.771737,1,0.27
135,1128,hungarian,Húngaro,Treino,0,0.190101,1,0.11,MLP+KMeans(k=8),0.607457,1,0.27
136,1129,hungarian,Húngaro,Treino,1,0.000000,0,0.11,MLP+KMeans(k=8),0.143150,0,0.27
137,1130,hungarian,Húngaro,Treino,0,0.000000,0,0.11,MLP+KMeans(k=8),0.021161,0,0.27
138,1131,hungarian,Húngaro,Treino,0,0.000000,0,0.11,MLP+KMeans(k=8),0.290289,1,0.27
139,1132,hungarian,Húngaro,Treino,1,0.007276,0,0.11,MLP+KMeans(k=8),0.899515,1,0.27
140,1132,hungarian,Húngaro,Treino,1,0.002318,0,0.11,MLP+KMeans(k=8),0.886668,1,0.27
141,1133,hungarian,Húngaro,Treino,1,0.999999,1,0.11,MLP+KMeans(k=8),0.920717,1,0.27
142,1134,hungarian,Húngaro,Treino,1,0.894917,1,0.11,MLP+KMeans(k=8),0.754772,1,0.27
143,1135,hungarian,Húngaro,Validacao,1,0.000015,0,0.11,MLP+KMeans(k=8),0.793386,1,0.27
144,1136,hungarian,Húngaro,Treino,0,0.000000,0,0.11,MLP+KMeans(k=8),0.286376,1,0.27
145,1138,hungarian,Húngaro,Treino,1,0.000001,0,0.11,MLP+KMeans(k=8),0.070748,0,0.27
146,1139,hungarian,Húngaro,Treino,0,0.000066,0,0.11,MLP+KMeans(k=8),0.274685,1,0.27
147,1140,hungarian,Húngaro,Teste,0,0.000000,0,0.11,MLP+KMeans(k=8),0.044946,0,0.27
148,1141,hungarian,Húngaro,Treino,0,0.000000,0,0.11,MLP+KMeans(k=8),0.021557,0,0.27
149,1142,hungarian,Húngaro,Treino,0,0.000000,0,0.11,MLP+KMeans(k=8),0.115040,0,0.27
150,1143,hungarian,Húngaro,Treino,1,1.000000,1,0.11,MLP+KMeans(k=8),0.897129,1,0.27
151,1144,hungarian,Húngaro,Validacao,0,0.000543,0,0.11,MLP+KMeans(k=8),0.038218,0,0.27
152,1145,hungarian,Húngaro,Treino,0,0.010459,0,0.11,MLP+KMeans(k=8),0.148335,0,0.27
153,1146,hungarian,Húngaro,Treino,0,0.000002,0,0.11,MLP+KMeans(k=8),0.042896,0,0.27
154,1147,hungarian,Húngaro,Treino,0,0.000010,0,0.11,MLP+KMeans(k=8),0.300716,1,0.27
155,1148,hungarian,Húngaro,Treino,0,0.000000,0,0.11,MLP+KMeans(k=8),0.033741,0,0.27
156,1149,hungarian,Húngaro,Treino,1,0.009026,0,0.11,MLP+KMeans(k=8),0.925992,1,0.27
157,1150,hungarian,Húngaro,Treino,1,0.000000,0,0.11,MLP+KMeans(k=8),0.931638,1,0.27
158,1151,hungarian,Húngaro,Treino,0,0.000122,0,0.11,MLP+KMeans(k=8),0.371169,1,0.27
159,1152,hungarian,Húngaro,Validacao,1,0.995320,1,0.11,MLP+KMeans(k=8),0.915560,1,0.27
160,1153,hungarian,Húngaro,Validacao,0,0.015690,0,0.11,MLP+KMeans(k=8),0.251746,0,0.27
161,1154,hungarian,Húngaro,Validacao,1,0.069941,0,0.11,MLP+KMeans(k=8),0.905757,1,0.27
162,1155,hungarian,Húngaro,Treino,1,0.441205,1,0.11,MLP+KMeans(k=8),0.883968,1,0.27
163,1156,hungarian,Húngaro,Teste,0,0.000000,0,0.11,MLP+KMeans(k=8),0.111503,0,0.27
164,1157,hungarian,Húngaro,Treino,0,0.000000,0,0.11,MLP+KMeans(k=8),0.051093,0,0.27
165,1158,hungarian,Húngaro,Treino,0,0.000000,0,0.11,MLP+KMeans(k=8),0.042419,0,0.27
166,1159,hungarian,Húngaro,Treino,0,0.000008,0,0.11,MLP+KMeans(k=8),0.031962,0,0.27
167,1160,hungarian,Húngaro,Treino,1,0.000000,0,0.11,MLP+KMeans(k=8),0.334732,1,0.27
168,1161,hungarian,Húngaro,Treino,1,0.000006,0,0.11,MLP+KMeans(k=8),0.875164,1,0.27
169,1162,hungarian,Húngaro,Validacao,0,0.015554,0,0.11,MLP+KMeans(k=8),0.049442,0,0.27
170,1163,hungarian,Húngaro,Treino,0,0.476758,1,0.11,MLP+KMeans(k=8),0.563830,1,0.27
171,1164,hungarian,Húngaro,Treino,0,0.000001,0,0.11,MLP+KMeans(k=8),0.168280,0,0.27
172,1165,hungarian,Húngaro,Teste,0,0.000000,0,0.11,MLP+KMeans(k=8),0.059510,0,0.27
173,1166,hungarian,Húngaro,Validacao,0,0.000000,0,0.11,MLP+KMeans(k=8),0.172378,0,0.27
174,1167,hungarian,Húngaro,Treino,0,0.000005,0,0.11,MLP+KMeans(k=8),0.078840,0,0.27
175,1168,hungarian,Húngaro,Validacao,0,0.000000,0,0.11,MLP+KMeans(k=8),0.137701,0,0.27
176,1169,hungarian,Húngaro,Treino,1,0.000643,0,0.11,MLP+KMeans(k=8),0.910100,1,0.27
177,1170,hungarian,Húngaro,Treino,1,0.003306,0,0.11,MLP+KMeans(k=8),0.888121,1,0.27
178,1171,hungarian,Húngaro,Treino,1,0.233883,1,0.11,MLP+KMeans(k=8),0.934089,1,0.27
179,1172,hungarian,Húngaro,Teste,0,0.000018,0,0.11,MLP+KMeans(k=8),0.080468,0,0.27
180,1173,hungarian,Húngaro,Treino,0,0.000000,0,0.11,MLP+KMeans(k=8),0.088827,0,0.27
181,1174,hungarian,Húngaro,Treino,0,0.983939,1,0.11,MLP+KMeans(k=8),0.254064,0,0.27
182,1175,hungarian,Húngaro,Treino,1,0.000764,0,0.11,MLP+KMeans(k=8),0.941151,1,0.27
183,1176,hungarian,Húngaro,Treino,0,0.000000,0,0.11,MLP+KMeans(k=8),0.049588,0,0.27
184,1177,hungarian,Húngaro,Treino,1,0.999687,1,0.11,MLP+KMeans(k=8),0.836341,1,0.27
185,1178,hungarian,Húngaro,Treino,0,0.000000,0,0.11,MLP+KMeans(k=8),0.199861,0,0.27
186,1059,hungarian,Húngaro,Treino,0,0.610241,1,0.11,MLP+KMeans(k=8),0.041102,0,0.27
187,1060,hungarian,Húngaro,Validacao,1,0.999537,1,0.11,MLP+KMeans(k=8),0.762058,1,0.27
188,1061,hungarian,Húngaro,Treino,0,0.171371,1,0.11,MLP+KMeans(k=8),0.108668,0,0.27
189,1062,hungarian,Húngaro,Teste,1,0.000002,0,0.11,MLP+KMeans(k=8),0.936310,1,0.27
190,1063,hungarian,Húngaro,Teste,0,0.982610,1,0.11,MLP+KMeans(k=8),0.691360,1,0.27
191,1064,hungarian,Húngaro,Treino,1,0.976528,1,0.11,MLP+KMeans(k=8),0.783905,1,0.27
192,1065,hungarian,Húngaro,Validacao,0,0.966684,1,0.11,MLP+KMeans(k=8),0.246166,0,0.27
193,1066,hungarian,Húngaro,Treino,0,0.911785,1,0.11,MLP+KMeans(k=8),0.066483,0,0.27
194,1067,hungarian,Húngaro,Validacao,0,0.000000,0,0.11,MLP+KMeans(k=8),0.050518,0,0.27
195,1068,hungarian,Húngaro,Treino,0,0.020995,0,0.11,MLP+KMeans(k=8),0.146797,0,0.27
196,1069,hungarian,Húngaro,Treino,0,0.000000,0,0.11,MLP+KMeans(k=8),0.056786,0,0.27
197,1070,hungarian,Húngaro,Teste,0,0.643169,1,0.11,MLP+KMeans(k=8),0.045315,0,0.27
198,1071,hungarian,Húngaro,Treino,0,0.001419,0,0.11,MLP+KMeans(k=8),0.453805,1,0.27
199,1072,hungarian,Húngaro,Treino,0,0.001525,0,0.11,MLP+KMeans(k=8),0.043718,0,0.27
200,1073,hungarian,Húngaro,Treino,1,0.005665,0,0.11,MLP+KMeans(k=8),0.895609,1,0.27
201,1074,hungarian,Húngaro,Treino,0,0.999522,1,0.11,MLP+KMeans(k=8),0.045976,0,0.27
202,1076,hungarian,Húngaro,Teste,0,0.000000,0,0.11,MLP+KMeans(k=8),0.046194,0,0.27
203,1077,hungarian,Húngaro,Treino,0,0.000000,0,0.11,MLP+KMeans(k=8),0.081840,0,0.27
204,1078,hungarian,Húngaro,Treino,0,0.000207,0,0.11,MLP+KMeans(k=8),0.145466,0,0.27
205,1079,hungarian,Húngaro,Treino,0,0.000000,0,0.11,MLP+KMeans(k=8),0.025409,0,0.27
206,1080,hungarian,Húngaro,Treino,0,0.190683,1,0.11,MLP+KMeans(k=8),0.178034,0,0.27
207,1081,hungarian,Húngaro,Validacao,0,0.000067,0,0.11,MLP+KMeans(k=8),0.891124,1,0.27
208,1082,hungarian,Húngaro,Teste,0,0.000000,0,0.11,MLP+KMeans(k=8),0.037969,0,0.27
209,1083,hungarian,Húngaro,Validacao,1,0.000002,0,0.11,MLP+KMeans(k=8),0.050569,0,0.27
210,1084,hungarian,Húngaro,Treino,0,0.000000,0,0.11,MLP+KMeans(k=8),0.050584,0,0.27
211,1085,hungarian,Húngaro,Treino,1,0.000000,0,0.11,MLP+KMeans(k=8),0.358750,1,0.27
212,1086,hungarian,Húngaro,Treino,1,0.028544,0,0.11,MLP+KMeans(k=8),0.832387,1,0.27
213,1087,hungarian,Húngaro,Treino,1,0.000709,0,0.11,MLP+KMeans(k=8),0.188719,0,0.27
214,1088,hungarian,Húngaro,Validacao,0,0.004278,0,0.11,MLP+KMeans(k=8),0.713539,1,0.27
215,1089,hungarian,Húngaro,Treino,0,0.000000,0,0.11,MLP+KMeans(k=8),0.041171,0,0.27
216,1090,hungarian,Húngaro,Validacao,1,0.972751,1,0.11,MLP+KMeans(k=8),0.954520,1,0.27
217,1092,hungarian,Húngaro,Treino,0,0.000000,0,0.11,MLP+KMeans(k=8),0.013925,0,0.27
218,1093,hungarian,Húngaro,Treino,1,0.000000,0,0.11,MLP+KMeans(k=8),0.306300,1,0.27
219,1094,hungarian,Húngaro,Treino,0,0.000000,0,0.11,MLP+KMeans(k=8),0.161932,0,0.27
220,1095,hungarian,Húngaro,Treino,0,0.000000,0,0.11,MLP+KMeans(k=8),0.076250,0,0.27
221,1096,hungarian,Húngaro,Treino,0,0.000000,0,0.11,MLP+KMeans(k=8),0.080320,0,0.27
222,1097,hungarian,Húngaro,Validacao,1,0.007575,0,0.11,MLP+KMeans(k=8),0.454190,1,0.27
223,1098,hungarian,Húngaro,Treino,1,0.000706,0,0.11,MLP+KMeans(k=8),0.620024,1,0.27
224,1099,hungarian,Húngaro,Validacao,0,0.000008,0,0.11,MLP+KMeans(k=8),0.094617,0,0.27
225,1100,hungarian,Húngaro,Validacao,0,0.000000,0,0.11,MLP+KMeans(k=8),0.175782,0,0.27
226,1101,hungarian,Húngaro,Treino,0,0.000011,0,0.11,MLP+KMeans(k=8),0.118928,0,0.27
227,1102,hungarian,Húngaro,Validacao,1,0.000004,0,0.11,MLP+KMeans(k=8),0.279358,1,0.27
228,1103,hungarian,Húngaro,Validacao,0,0.000000,0,0.11,MLP+KMeans(k=8),0.169072,0,0.27
229,1104,hungarian,Húngaro,Treino,1,0.000008,0,0.11,MLP+KMeans(k=8),0.925303,1,0.27
230,1105,hungarian,Húngaro,Treino,0,0.000000,0,0.11,MLP+KMeans(k=8),0.073853,0,0.27
231,1106,hungarian,Húngaro,Treino,0,0.000000,0,0.11,MLP+KMeans(k=8),0.092523,0,0.27
232,1107,hungarian,Húngaro,Validacao,0,0.000003,0,0.11,MLP+KMeans(k=8),0.268708,0,0.27
233,1108,hungarian,Húngaro,Treino,0,0.000000,0,0.11,MLP+KMeans(k=8),0.112910,0,0.27
234,1109,hungarian,Húngaro,Treino,0,0.000989,0,0.11,MLP+KMeans(k=8),0.034039,0,0.27
235,1110,hungarian,Húngaro,Validacao,0,0.000000,0,0.11,MLP+KMeans(k=8),0.247385,0,0.27
236,1111,hungarian,Húngaro,Teste,0,0.003287,0,0.11,MLP+KMeans(k=8),0.013208,0,0.27
237,1112,hungarian,Húngaro,Treino,0,0.000000,0,0.11,MLP+KMeans(k=8),0.236270,0,0.27
238,1113,hungarian,Húngaro,Treino,1,0.875586,1,0.11,MLP+KMeans(k=8),0.894756,1,0.27
239,1001,hungarian,Húngaro,Validacao,1,0.004676,0,0.11,MLP+KMeans(k=8),0.041276,0,0.27
240,1002,hungarian,Húngaro,Treino,1,1.000000,1,0.11,MLP+KMeans(k=8),0.885122,1,0.27
241,1003,hungarian,Húngaro,Teste,1,0.988885,1,0.11,MLP+KMeans(k=8),0.916139,1,0.27
242,1004,hungarian,Húngaro,Treino,0,0.000155,0,0.11,MLP+KMeans(k=8),0.079949,0,0.27
243,1005,hungarian,Húngaro,Treino,1,0.614408,1,0.11,MLP+KMeans(k=8),0.787864,1,0.27
244,1006,hungarian,Húngaro,Treino,1,0.003359,0,0.11,MLP+KMeans(k=8),0.898687,1,0.27
245,1007,hungarian,Húngaro,Treino,0,0.018433,0,0.11,MLP+KMeans(k=8),0.036673,0,0.27
246,1008,hungarian,Húngaro,Treino,1,0.997404,1,0.11,MLP+KMeans(k=8),0.861487,1,0.27
247,1009,hungarian,Húngaro,Treino,0,0.000003,0,0.11,MLP+KMeans(k=8),0.505555,1,0.27
248,1010,hungarian,Húngaro,Teste,1,0.000000,0,0.11,MLP+KMeans(k=8),0.868725,1,0.27
249,1011,hungarian,Húngaro,Treino,1,0.000001,0,0.11,MLP+KMeans(k=8),0.886040,1,0.27
250,1012,hungarian,Húngaro,Treino,1,0.000022,0,0.11,MLP+KMeans(k=8),0.847508,1,0.27
251,1013,hungarian,Húngaro,Treino,1,0.947202,1,0.11,MLP+KMeans(k=8),0.867410,1,0.27
252,1014,hungarian,Húngaro,Treino,1,0.999991,1,0.11,MLP+KMeans(k=8),0.463893,1,0.27
253,1015,hungarian,Húngaro,Treino,1,0.018745,0,0.11,MLP+KMeans(k=8),0.715203,1,0.27
254,1016,hungarian,Húngaro,Treino,0,0.390913,1,0.11,MLP+KMeans(k=8),0.778034,1,0.27
255,1017,hungarian,Húngaro,Treino,0,0.000003,0,0.11,MLP+KMeans(k=8),0.506119,1,0.27
256,1018,hungarian,Húngaro,Validacao,1,0.990921,1,0.11,MLP+KMeans(k=8),0.913376,1,0.27
257,1019,hungarian,Húngaro,Treino,0,0.000460,0,0.11,MLP+KMeans(k=8),0.085719,0,0.27
258,1020,hungarian,Húngaro,Treino,0,0.053151,0,0.11,MLP+KMeans(k=8),0.015763,0,0.27
259,1021,hungarian,Húngaro,Treino,0,0.000001,0,0.11,MLP+KMeans(k=8),0.144893,0,0.27
260,1022,hungarian,Húngaro,Treino,0,0.035971,0,0.11,MLP+KMeans(k=8),0.284288,1,0.27
261,1023,hungarian,Húngaro,Treino,0,0.000007,0,0.11,MLP+KMeans(k=8),0.044723,0,0.27
262,1024,hungarian,Húngaro,Treino,0,0.000000,0,0.11,MLP+KMeans(k=8),0.168365,0,0.27
263,1025,hungarian,Húngaro,Treino,0,0.000001,0,0.11,MLP+KMeans(k=8),0.300097,1,0.27
264,1026,hungarian,Húngaro,Treino,1,0.002469,0,0.11,MLP+KMeans(k=8),0.914589,1,0.27
265,1027,hungarian,Húngaro,Treino,1,0.000084,0,0.11,MLP+KMeans(k=8),0.441225,1,0.27
266,1028,hungarian,Húngaro,Treino,1,0.000001,0,0.11,MLP+KMeans(k=8),0.859072,1,0.27
267,1029,hungarian,Húngaro,Teste,0,0.000000,0,0.11,MLP+KMeans(k=8),0.150217,0,0.27
268,1030,hungarian,Húngaro,Teste,1,0.927638,1,0.11,MLP+KMeans(k=8),0.883584,1,0.27
269,1031,hungarian,Húngaro,Treino,0,0.000000,0,0.11,MLP+KMeans(k=8),0.073927,0,0.27
270,1032,hungarian,Húngaro,Treino,1,0.985299,1,0.11,MLP+KMeans(k=8),0.901731,1,0.27
271,1033,hungarian,Húngaro,Treino,0,0.000000,0,0.11,MLP+KMeans(k=8),0.192237,0,0.27
272,1034,hungarian,Húngaro,Teste,0,0.000000,0,0.11,MLP+KMeans(k=8),0.332193,1,0.27
273,1035,hungarian,Húngaro,Treino,0,0.000000,0,0.11,MLP+KMeans(k=8),0.061821,0,0.27
274,1036,hungarian,Húngaro,Treino,1,0.000183,0,0.11,MLP+KMeans(k=8),0.922959,1,0.27
275,1037,hungarian,Húngaro,Treino,0,0.000001,0,0.11,MLP+KMeans(k=8),0.160443,0,0.27
276,1038,hungarian,Húngaro,Treino,0,0.000000,0,0.11,MLP+KMeans(k=8),0.082871,0,0.27
277,1039,hungarian,Húngaro,Treino,0,0.999941,1,0.11,MLP+KMeans(k=8),0.421716,1,0.27
278,1041,hungarian,Húngaro,Treino,1,0.000009,0,0.11,MLP+KMeans(k=8),0.549565,1,0.27
279,1042,hungarian,Húngaro,Treino,1,0.333427,1,0.11,MLP+KMeans(k=8),0.859406,1,0.27
280,1043,hungarian,Húngaro,Treino,0,0.999146,1,0.11,MLP+KMeans(k=8),0.531836,1,0.27
281,1044,hungarian,Húngaro,Treino,0,0.000000,0,0.11,MLP+KMeans(k=8),0.014649,0,0.27
282,1045,hungarian,Húngaro,Treino,0,0.000007,0,0.11,MLP+KMeans(k=8),0.178199,0,0.27
283,1046,hungarian,Húngaro,Validacao,1,0.013100,0,0.11,MLP+KMeans(k=8),0.941419,1,0.27
284,1047,hungarian,Húngaro,Validacao,0,0.000000,0,0.11,MLP+KMeans(k=8),0.502712,1,0.27
285,1048,hungarian,Húngaro,Teste,0,0.000004,0,0.11,MLP+KMeans(k=8),0.030447,0,0.27
286,1049,hungarian,Húngaro,Treino,0,0.000007,0,0.11,MLP+KMeans(k=8),0.381510,1,0.27
287,1050,hungarian,Húngaro,Teste,0,0.000005,0,0.11,MLP+KMeans(k=8),0.126535,0,0.27
288,1051,hungarian,Húngaro,Treino,0,0.000006,0,0.11,MLP+KMeans(k=8),0.446828,1,0.27
289,1052,hungarian,Húngaro,Teste,0,0.000002,0,0.11,MLP+KMeans(k=8),0.056108,0,0.27
290,1053,hungarian,Húngaro,Treino,0,0.031405,0,0.11,MLP+KMeans(k=8),0.092399,0,0.27
291,1054,hungarian,Húngaro,Treino,0,0.000000,0,0.11,MLP+KMeans(k=8),0.075354,0,0.27
292,5001,hungarian,Húngaro,Teste,0,0.000000,0,0.11,MLP+KMeans(k=8),0.207701,0,0.27
293,5000,hungarian,Húngaro,Teste,0,0.000280,0,0.11,MLP+KMeans(k=8),0.160503,0,0.27
294,5002,hungarian,Húngaro,Treino,0,0.000000,0,0.11,MLP+KMeans(k=8),0.353404,1,0.27
295,3001,switzerland,Suíça,Treino,1,0.999619,1,0.11,MLP+KMeans(k=8),0.952239,1,0.27
296,3002,switzerland,Suíça,Treino,1,0.986606,1,0.11,MLP+KMeans(k=8),0.451817,1,0.27
297,3003,switzerland,Suíça,Treino,1,0.999866,1,0.11,MLP+KMeans(k=8),0.904707,1,0.27
298,3004,switzerland,Suíça,Treino,1,0.979473,1,0.11,MLP+KMeans(k=8),0.965804,1,0.27
299,3005,switzerland,Suíça,Treino,1,0.995906,1,0.11,MLP+KMeans(k=8),0.809055,1,0.27
300,3006,switzerland,Suíça,Treino,1,0.999820,1,0.11,MLP+KMeans(k=8),0.833159,1,0.27
301,3007,switzerland,Suíça,Treino,1,0.997565,1,0.11,MLP+KMeans(k=8),0.799092,1,0.27
302,3008,switzerland,Suíça,Treino,1,0.997510,1,0.11,MLP+KMeans(k=8),0.569494,1,0.27
303,3009,switzerland,Suíça,Treino,0,0.958635,1,0.11,MLP+KMeans(k=8),0.301738,1,0.27
304,3010,switzerland,Suíça,Validacao,1,0.997626,1,0.11,MLP+KMeans(k=8),0.946740,1,0.27
305,3011,switzerland,Suíça,Treino,1,0.999839,1,0.11,MLP+KMeans(k=8),0.860440,1,0.27
306,3012,switzerland,Suíça,Teste,1,0.998712,1,0.11,MLP+KMeans(k=8),0.696589,1,0.27
307,3013,switzerland,Suíça,Treino,1,0.994022,1,0.11,MLP+KMeans(k=8),0.565747,1,0.27
308,3014,switzerland,Suíça,Treino,1,0.999231,1,0.11,MLP+KMeans(k=8),0.668713,1,0.27
309,3015,switzerland,Suíça,Treino,0,0.996462,1,0.11,MLP+KMeans(k=8),0.161865,0,0.27
310,3016,switzerland,Suíça,Validacao,1,0.997470,1,0.11,MLP+KMeans(k=8),0.913554,1,0.27
311,3017,switzerland,Suíça,Treino,1,0.999999,1,0.11,MLP+KMeans(k=8),0.326269,1,0.27
312,3018,switzerland,Suíça,Treino,0,0.998888,1,0.11,MLP+KMeans(k=8),0.790635,1,0.27
313,3019,switzerland,Suíça,Treino,1,0.999975,1,0.11,MLP+KMeans(k=8),0.476972,1,0.27
314,3020,switzerland,Suíça,Treino,1,0.998707,1,0.11,MLP+KMeans(k=8),0.738674,1,0.27
315,3021,switzerland,Suíça,Treino,1,0.992234,1,0.11,MLP+KMeans(k=8),0.622970,1,0.27
316,3022,switzerland,Suíça,Treino,0,0.999981,1,0.11,MLP+KMeans(k=8),0.708531,1,0.27
317,3023,switzerland,Suíça,Treino,1,0.999916,1,0.11,MLP+KMeans(k=8),0.786126,1,0.27
318,3024,switzerland,Suíça,Validacao,1,0.999535,1,0.11,MLP+KMeans(k=8),0.557885,1,0.27
319,3025,switzerland,Suíça,Treino,1,0.999560,1,0.11,MLP+KMeans(k=8),0.901014,1,0.27
320,3026,switzerland,Suíça,Teste,1,0.999925,1,0.11,MLP+KMeans(k=8),0.969564,1,0.27
321,3027,switzerland,Suíça,Teste,1,0.999946,1,0.11,MLP+KMeans(k=8),0.877026,1,0.27
322,3028,switzerland,Suíça,Treino,1,0.999650,1,0.11,MLP+KMeans(k=8),0.690776,1,0.27
323,3029,switzerland,Suíça,Teste,1,0.999830,1,0.11,MLP+KMeans(k=8),0.675483,1,0.27
324,3030,switzerland,Suíça,Treino,1,0.999897,1,0.11,MLP+KMeans(k=8),0.625656,1,0.27
325,3031,switzerland,Suíça,Teste,1,0.999275,1,0.11,MLP+KMeans(k=8),0.859219,1,0.27
326,3032,switzerland,Suíça,Treino,1,0.995942,1,0.11,MLP+KMeans(k=8),0.476616,1,0.27
327,3033,switzerland,Suíça,Teste,1,0.987555,1,0.11,MLP+KMeans(k=8),0.405484,1,0.27
328,3034,switzerland,Suíça,Treino,0,0.991992,1,0.11,MLP+KMeans(k=8),0.654491,1,0.27
329,3035,switzerland,Suíça,Teste,1,0.999788,1,0.11,MLP+KMeans(k=8),0.907821,1,0.27
330,3036,switzerland,Suíça,Treino,1,0.999768,1,0.11,MLP+KMeans(k=8),0.968030,1,0.27
331,3037,switzerland,Suíça,Validacao,1,0.999339,1,0.11,MLP+KMeans(k=8),0.839179,1,0.27
332,3038,switzerland,Suíça,Treino,1,0.997032,1,0.11,MLP+KMeans(k=8),0.902261,1,0.27
333,3039,switzerland,Suíça,Validacao,1,0.999615,1,0.11,MLP+KMeans(k=8),0.677393,1,0.27
334,3040,switzerland,Suíça,Treino,0,0.999985,1,0.11,MLP+KMeans(k=8),0.491693,1,0.27
335,3041,switzerland,Suíça,Treino,1,0.998354,1,0.11,MLP+KMeans(k=8),0.628951,1,0.27
336,3042,switzerland,Suíça,Treino,1,0.998109,1,0.11,MLP+KMeans(k=8),0.656221,1,0.27
337,3043,switzerland,Suíça,Teste,1,0.998773,1,0.11,MLP+KMeans(k=8),0.207408,0,0.27
338,3044,switzerland,Suíça,Treino,0,0.999961,1,0.11,MLP+KMeans(k=8),0.567804,1,0.27
339,3045,switzerland,Suíça,Treino,1,0.995349,1,0.11,MLP+KMeans(k=8),0.868271,1,0.27
340,3046,switzerland,Suíça,Validacao,1,0.995250,1,0.11,MLP+KMeans(k=8),0.692744,1,0.27
341,3047,switzerland,Suíça,Treino,1,0.999978,1,0.11,MLP+KMeans(k=8),0.669823,1,0.27
342,3048,switzerland,Suíça,Validacao,1,0.992602,1,0.11,MLP+KMeans(k=8),0.605934,1,0.27
343,3049,switzerland,Suíça,Validacao,1,0.999944,1,0.11,MLP+KMeans(k=8),0.883444,1,0.27
344,3050,switzerland,Suíça,Treino,1,0.999890,1,0.11,MLP+KMeans(k=8),0.815215,1,0.27
345,4001,switzerland,Suíça,Treino,1,0.997470,1,0.11,MLP+KMeans(k=8),0.762333,1,0.27
346,4002,switzerland,Suíça,Teste,1,0.999649,1,0.11,MLP+KMeans(k=8),0.918896,1,0.27
347,4003,switzerland,Suíça,Validacao,1,0.999980,1,0.11,MLP+KMeans(k=8),0.745910,1,0.27
348,4004,switzerland,Suíça,Validacao,1,0.999910,1,0.11,MLP+KMeans(k=8),0.870879,1,0.27
349,4005,switzerland,Suíça,Validacao,1,0.980800,1,0.11,MLP+KMeans(k=8),0.795898,1,0.27
350,4006,switzerland,Suíça,Treino,1,0.999957,1,0.11,MLP+KMeans(k=8),0.727655,1,0.27
351,4007,switzerland,Suíça,Validacao,1,0.892580,1,0.11,MLP+KMeans(k=8),0.979569,1,0.27
352,4008,switzerland,Suíça,Treino,1,0.997282,1,0.11,MLP+KMeans(k=8),0.799826,1,0.27
353,4009,switzerland,Suíça,Validacao,1,0.773917,1,0.11,MLP+KMeans(k=8),0.637847,1,0.27
354,4010,switzerland,Suíça,Validacao,1,0.999926,1,0.11,MLP+KMeans(k=8),0.893512,1,0.27
355,4011,switzerland,Suíça,Treino,1,0.999971,1,0.11,MLP+KMeans(k=8),0.951711,1,0.27
356,4012,switzerland,Suíça,Treino,1,0.999907,1,0.11,MLP+KMeans(k=8),0.747420,1,0.27
357,4013,switzerland,Suíça,Treino,1,0.999853,1,0.11,MLP+KMeans(k=8),0.134132,0,0.27
358,4014,switzerland,Suíça,Treino,1,0.988386,1,0.11,MLP+KMeans(k=8),0.975019,1,0.27
359,4015,switzerland,Suíça,Treino,1,0.999410,1,0.11,MLP+KMeans(k=8),0.742902,1,0.27
360,4016,switzerland,Suíça,Validacao,1,0.859099,1,0.11,MLP+KMeans(k=8),0.475343,1,0.27
361,4017,switzerland,Suíça,Treino,1,0.997108,1,0.11,MLP+KMeans(k=8),0.650716,1,0.27
362,4018,switzerland,Suíça,Treino,1,0.999993,1,0.11,MLP+KMeans(k=8),0.891629,1,0.27
363,4019,switzerland,Suíça,Treino,1,0.995434,1,0.11,MLP+KMeans(k=8),0.934612,1,0.27
364,4020,switzerland,Suíça,Treino,1,0.999979,1,0.11,MLP+KMeans(k=8),0.827878,1,0.27
365,4021,switzerland,Suíça,Teste,1,0.994603,1,0.11,MLP+KMeans(k=8),0.610394,1,0.27
366,4022,switzerland,Suíça,Validacao,0,0.999865,1,0.11,MLP+KMeans(k=8),0.721289,1,0.27
367,4023,switzerland,Suíça,Treino,1,0.999990,1,0.11,MLP+KMeans(k=8),0.784300,1,0.27
368,4024,switzerland,Suíça,Treino,1,0.999969,1,0.11,MLP+KMeans(k=8),0.952559,1,0.27
369,4025,switzerland,Suíça,Treino,1,0.999990,1,0.11,MLP+KMeans(k=8),0.895771,1,0.27
370,4026,switzerland,Suíça,Treino,1,0.999764,1,0.11,MLP+KMeans(k=8),0.970554,1,0.27
371,4027,switzerland,Suíça,Treino,1,0.999996,1,0.11,MLP+KMeans(k=8),0.868125,1,0.27
372,4028,switzerland,Suíça,Validacao,1,0.999996,1,0.11,MLP+KMeans(k=8),0.910008,1,0.27
373,4029,switzerland,Suíça,Treino,1,0.999982,1,0.11,MLP+KMeans(k=8),0.944922,1,0.27
374,4030,switzerland,Suíça,Treino,1,1.000000,1,0.11,MLP+KMeans(k=8),0.836601,1,0.27
375,4031,switzerland,Suíça,Treino,1,0.999918,1,0.11,MLP+KMeans(k=8),0.961146,1,0.27
376,4032,switzerland,Suíça,Validacao,1,0.999969,1,0.11,MLP+KMeans(k=8),0.918315,1,0.27
377,4033,switzerland,Suíça,Treino,1,0.999939,1,0.11,MLP+KMeans(k=8),0.791753,1,0.27
378,4034,switzerland,Suíça,Teste,1,0.998060,1,0.11,MLP+KMeans(k=8),0.868987,1,0.27
379,4035,switzerland,Suíça,Teste,1,0.999982,1,0.11,MLP+KMeans(k=8),0.902215,1,0.27
380,4036,switzerland,Suíça,Validacao,1,0.999644,1,0.11,MLP+KMeans(k=8),0.903284,1,0.27
381,4037,switzerland,Suíça,Teste,1,0.995494,1,0.11,MLP+KMeans(k=8),0.785479,1,0.27
382,4038,switzerland,Suíça,Teste,1,0.999999,1,0.11,MLP+KMeans(k=8),0.899041,1,0.27
383,4039,switzerland,Suíça,Treino,1,0.993232,1,0.11,MLP+KMeans(k=8),0.972638,1,0.27
384,4040,switzerland,Suíça,Treino,1,0.995411,1,0.11,MLP+KMeans(k=8),0.971462,1,0.27
385,4041,switzerland,Suíça,Validacao,1,0.997699,1,0.11,MLP+KMeans(k=8),0.225970,0,0.27
386,4042,switzerland,Suíça,Treino,1,0.998534,1,0.11,MLP+KMeans(k=8),0.648465,1,0.27
387,4043,switzerland,Suíça,Validacao,1,0.999993,1,0.11,MLP+KMeans(k=8),0.928357,1,0.27
388,4044,switzerland,Suíça,Validacao,1,0.999543,1,0.11,MLP+KMeans(k=8),0.938781,1,0.27
389,4045,switzerland,Suíça,Validacao,1,0.975339,1,0.11,MLP+KMeans(k=8),0.746103,1,0.27
390,4046,switzerland,Suíça,Treino,1,0.999991,1,0.11,MLP+KMeans(k=8),0.834512,1,0.27
391,4047,switzerland,Suíça,Treino,1,0.998255,1,0.11,MLP+KMeans(k=8),0.863673,1,0.27
392,4048,switzerland,Suíça,Teste,1,0.999951,1,0.11,MLP+KMeans(k=8),0.935130,1,0.27
393,4049,switzerland,Suíça,Treino,1,0.999120,1,0.11,MLP+KMeans(k=8),0.946589,1,0.27
394,4050,switzerland,Suíça,Treino,1,0.999875,1,0.11,MLP+KMeans(k=8),0.612699,1,0.27
395,4051,switzerland,Suíça,Treino,1,0.982200,1,0.11,MLP+KMeans(k=8),0.921977,1,0.27
396,4052,switzerland,Suíça,Treino,1,0.999999,1,0.11,MLP+KMeans(k=8),0.935398,1,0.27
397,4053,switzerland,Suíça,Teste,1,0.673965,1,0.11,MLP+KMeans(k=8),0.289451,1,0.27
398,4054,switzerland,Suíça,Validacao,1,0.999417,1,0.11,MLP+KMeans(k=8),0.585533,1,0.27
399,4055,switzerland,Suíça,Treino,1,0.999999,1,0.11,MLP+KMeans(k=8),0.835126,1,0.27
400,4056,switzerland,Suíça,Treino,1,0.999325,1,0.11,MLP+KMeans(k=8),0.833248,1,0.27
401,4057,switzerland,Suíça,Treino,1,0.999998,1,0.11,MLP+KMeans(k=8),0.908522,1,0.27
402,4058,switzerland,Suíça,Treino,1,0.999917,1,0.11,MLP+KMeans(k=8),0.929382,1,0.27
403,4059,switzerland,Suíça,Teste,1,0.993177,1,0.11,MLP+KMeans(k=8),0.495526,1,0.27
404,4060,switzerland,Suíça,Treino,1,0.999993,1,0.11,MLP+KMeans(k=8),0.853853,1,0.27
405,4061,switzerland,Suíça,Treino,1,0.994626,1,0.11,MLP+KMeans(k=8),0.968250,1,0.27
406,4062,switzerland,Suíça,Teste,1,0.985845,1,0.11,MLP+KMeans(k=8),0.799145,1,0.27
407,4063,switzerland,Suíça,Teste,1,0.611433,1,0.11,MLP+KMeans(k=8),0.941831,1,0.27
408,4064,switzerland,Suíça,Treino,1,0.999984,1,0.11,MLP+KMeans(k=8),0.948902,1,0.27
409,4065,switzerland,Suíça,Treino,1,0.999231,1,0.11,MLP+KMeans(k=8),0.882011,1,0.27
410,4067,switzerland,Suíça,Treino,1,0.999612,1,0.11,MLP+KMeans(k=8),0.816346,1,0.27
411,4068,switzerland,Suíça,Treino,1,0.998627,1,0.11,MLP+KMeans(k=8),0.795792,1,0.27
412,4069,switzerland,Suíça,Treino,1,0.999997,1,0.11,MLP+KMeans(k=8),0.954598,1,0.27
413,4070,switzerland,Suíça,Treino,1,0.993149,1,0.11,MLP+KMeans(k=8),0.885738,1,0.27
414,4071,switzerland,Suíça,Teste,1,0.999924,1,0.11,MLP+KMeans(k=8),0.964396,1,0.27
415,4072,switzerland,Suíça,Treino,1,0.999875,1,0.11,MLP+KMeans(k=8),0.493374,1,0.27
416,4073,switzerland,Suíça,Treino,1,0.999679,1,0.11,MLP+KMeans(k=8),0.958833,1,0.27
417,4074,switzerland,Suíça,Validacao,1,0.999994,1,0.11,MLP+KMeans(k=8),0.880312,1,0.27
418,1,long-beach-va,Long Beach (VA),Validacao,1,0.344149,1,0.11,MLP+KMeans(k=8),0.857551,1,0.27
419,2,long-beach-va,Long Beach (VA),Teste,0,0.000028,0,0.11,MLP+KMeans(k=8),0.250905,0,0.27
420,3,long-beach-va,Long Beach (VA),Treino,1,0.000001,0,0.11,MLP+KMeans(k=8),0.822579,1,0.27
421,4,long-beach-va,Long Beach (VA),Treino,1,0.000001,0,0.11,MLP+KMeans(k=8),0.841055,1,0.27
422,5,long-beach-va,Long Beach (VA),Teste,0,0.027019,0,0.11,MLP+KMeans(k=8),0.972059,1,0.27
423,6,long-beach-va,Long Beach (VA),Validacao,0,0.999894,1,0.11,MLP+KMeans(k=8),0.739077,1,0.27
424,7,long-beach-va,Long Beach (VA),Treino,1,0.864624,1,0.11,MLP+KMeans(k=8),0.961635,1,0.27
425,8,long-beach-va,Long Beach (VA),Treino,0,0.999533,1,0.11,MLP+KMeans(k=8),0.809881,1,0.27
426,9,long-beach-va,Long Beach (VA),Treino,1,0.997672,1,0.11,MLP+KMeans(k=8),0.910362,1,0.27
427,10,long-beach-va,Long Beach (VA),Teste,1,0.000003,0,0.11,MLP+KMeans(k=8),0.554332,1,0.27
428,11,long-beach-va,Long Beach (VA),Treino,0,0.000005,0,0.11,MLP+KMeans(k=8),0.076914,0,0.27
429,12,long-beach-va,Long Beach (VA),Treino,1,0.999871,1,0.11,MLP+KMeans(k=8),0.934611,1,0.27
430,13,long-beach-va,Long Beach (VA),Treino,1,0.999918,1,0.11,MLP+KMeans(k=8),0.783126,1,0.27
431,14,long-beach-va,Long Beach (VA),Treino,1,0.999444,1,0.11,MLP+KMeans(k=8),0.552706,1,0.27
432,15,long-beach-va,Long Beach (VA),Treino,1,0.992068,1,0.11,MLP+KMeans(k=8),0.925756,1,0.27
433,16,long-beach-va,Long Beach (VA),Treino,0,0.917525,1,0.11,MLP+KMeans(k=8),0.592399,1,0.27
434,17,long-beach-va,Long Beach (VA),Teste,1,0.999996,1,0.11,MLP+KMeans(k=8),0.965263,1,0.27
435,18,long-beach-va,Long Beach (VA),Treino,1,0.000037,0,0.11,MLP+KMeans(k=8),0.948498,1,0.27
436,19,long-beach-va,Long Beach (VA),Treino,0,0.999889,1,0.11,MLP+KMeans(k=8),0.598630,1,0.27
437,20,long-beach-va,Long Beach (VA),Teste,0,0.999940,1,0.11,MLP+KMeans(k=8),0.901697,1,0.27
438,21,long-beach-va,Long Beach (VA),Treino,1,0.998961,1,0.11,MLP+KMeans(k=8),0.938538,1,0.27
439,22,long-beach-va,Long Beach (VA),Treino,1,0.999887,1,0.11,MLP+KMeans(k=8),0.947690,1,0.27
440,23,long-beach-va,Long Beach (VA),Treino,1,0.999976,1,0.11,MLP+KMeans(k=8),0.921294,1,0.27
441,24,long-beach-va,Long Beach (VA),Treino,0,0.999971,1,0.11,MLP+KMeans(k=8),0.558363,1,0.27
442,25,long-beach-va,Long Beach (VA),Treino,1,0.998275,1,0.11,MLP+KMeans(k=8),0.752585,1,0.27
443,26,long-beach-va,Long Beach (VA),Treino,1,0.999963,1,0.11,MLP+KMeans(k=8),0.893802,1,0.27
444,27,long-beach-va,Long Beach (VA),Teste,1,0.979359,1,0.11,MLP+KMeans(k=8),0.864467,1,0.27
445,28,long-beach-va,Long Beach (VA),Treino,1,0.000001,0,0.11,MLP+KMeans(k=8),0.873462,1,0.27
446,29,long-beach-va,Long Beach (VA),Treino,1,0.079531,0,0.11,MLP+KMeans(k=8),0.979805,1,0.27
447,30,long-beach-va,Long Beach (VA),Teste,1,0.000029,0,0.11,MLP+KMeans(k=8),0.184187,0,0.27
448,31,long-beach-va,Long Beach (VA),Validacao,1,0.992651,1,0.11,MLP+KMeans(k=8),0.685760,1,0.27
449,32,long-beach-va,Long Beach (VA),Teste,1,0.006973,0,0.11,MLP+KMeans(k=8),0.858115,1,0.27
450,33,long-beach-va,Long Beach (VA),Treino,1,0.978065,1,0.11,MLP+KMeans(k=8),0.953959,1,0.27
451,34,long-beach-va,Long Beach (VA),Treino,1,1.000000,1,0.11,MLP+KMeans(k=8),0.750533,1,0.27
452,35,long-beach-va,Long Beach (VA),Teste,1,0.999311,1,0.11,MLP+KMeans(k=8),0.797827,1,0.27
453,36,long-beach-va,Long Beach (VA),Validacao,1,0.999961,1,0.11,MLP+KMeans(k=8),0.915871,1,0.27
454,37,long-beach-va,Long Beach (VA),Treino,1,0.001882,0,0.11,MLP+KMeans(k=8),0.480066,1,0.27
455,38,long-beach-va,Long Beach (VA),Treino,0,0.999052,1,0.11,MLP+KMeans(k=8),0.904033,1,0.27
456,39,long-beach-va,Long Beach (VA),Treino,1,0.000016,0,0.11,MLP+KMeans(k=8),0.884241,1,0.27
457,40,long-beach-va,Long Beach (VA),Treino,0,0.999365,1,0.11,MLP+KMeans(k=8),0.958101,1,0.27
458,41,long-beach-va,Long Beach (VA),Teste,1,0.999698,1,0.11,MLP+KMeans(k=8),0.941109,1,0.27
459,42,long-beach-va,Long Beach (VA),Treino,1,0.995813,1,0.11,MLP+KMeans(k=8),0.348882,1,0.27
460,43,long-beach-va,Long Beach (VA),Teste,1,0.999803,1,0.11,MLP+KMeans(k=8),0.964441,1,0.27
461,44,long-beach-va,Long Beach (VA),Treino,0,0.950563,1,0.11,MLP+KMeans(k=8),0.624123,1,0.27
462,45,long-beach-va,Long Beach (VA),Treino,1,0.001356,0,0.11,MLP+KMeans(k=8),0.752355,1,0.27
463,46,long-beach-va,Long Beach (VA),Treino,1,0.999973,1,0.11,MLP+KMeans(k=8),0.937622,1,0.27
464,47,long-beach-va,Long Beach (VA),Treino,1,0.001379,0,0.11,MLP+KMeans(k=8),0.841826,1,0.27
465,48,long-beach-va,Long Beach (VA),Validacao,0,0.999342,1,0.11,MLP+KMeans(k=8),0.814414,1,0.27
466,49,long-beach-va,Long Beach (VA),Validacao,1,0.999275,1,0.11,MLP+KMeans(k=8),0.815028,1,0.27
467,50,long-beach-va,Long Beach (VA),Treino,0,0.000000,0,0.11,MLP+KMeans(k=8),0.093407,0,0.27
468,51,long-beach-va,Long Beach (VA),Treino,1,0.995707,1,0.11,MLP+KMeans(k=8),0.951235,1,0.27
469,52,long-beach-va,Long Beach (VA),Treino,0,0.999815,1,0.11,MLP+KMeans(k=8),0.123801,0,0.27
470,53,long-beach-va,Long Beach (VA),Treino,1,0.990926,1,0.11,MLP+KMeans(k=8),0.940472,1,0.27
471,54,long-beach-va,Long Beach (VA),Treino,0,0.000000,0,0.11,MLP+KMeans(k=8),0.512891,1,0.27
472,55,long-beach-va,Long Beach (VA),Treino,1,0.999686,1,0.11,MLP+KMeans(k=8),0.826619,1,0.27
473,56,long-beach-va,Long Beach (VA),Treino,1,0.999971,1,0.11,MLP+KMeans(k=8),0.922773,1,0.27
474,57,long-beach-va,Long Beach (VA),Teste,1,0.989304,1,0.11,MLP+KMeans(k=8),0.910677,1,0.27
475,58,long-beach-va,Long Beach (VA),Treino,1,0.042359,0,0.11,MLP+KMeans(k=8),0.615293,1,0.27
476,59,long-beach-va,Long Beach (VA),Treino,0,0.999590,1,0.11,MLP+KMeans(k=8),0.303652,1,0.27
477,60,long-beach-va,Long Beach (VA),Treino,1,0.999969,1,0.11,MLP+KMeans(k=8),0.960467,1,0.27
478,61,long-beach-va,Long Beach (VA),Teste,0,0.000012,0,0.11,MLP+KMeans(k=8),0.366555,1,0.27
479,62,long-beach-va,Long Beach (VA),Treino,1,0.999952,1,0.11,MLP+KMeans(k=8),0.889406,1,0.27
480,63,long-beach-va,Long Beach (VA),Treino,1,0.000066,0,0.11,MLP+KMeans(k=8),0.770948,1,0.27
481,64,long-beach-va,Long Beach (VA),Treino,1,0.999573,1,0.11,MLP+KMeans(k=8),0.805740,1,0.27
482,65,long-beach-va,Long Beach (VA),Treino,1,0.999871,1,0.11,MLP+KMeans(k=8),0.950772,1,0.27
483,66,long-beach-va,Long Beach (VA),Treino,1,0.999931,1,0.11,MLP+KMeans(k=8),0.674942,1,0.27
484,67,long-beach-va,Long Beach (VA),Validacao,1,0.024049,0,0.11,MLP+KMeans(k=8),0.844786,1,0.27
485,68,long-beach-va,Long Beach (VA),Treino,1,0.999857,1,0.11,MLP+KMeans(k=8),0.908819,1,0.27
486,69,long-beach-va,Long Beach (VA),Treino,1,0.999885,1,0.11,MLP+KMeans(k=8),0.746861,1,0.27
487,70,long-beach-va,Long Beach (VA),Treino,1,0.000024,0,0.11,MLP+KMeans(k=8),0.582234,1,0.27
488,71,long-beach-va,Long Beach (VA),Validacao,0,0.000000,0,0.11,MLP+KMeans(k=8),0.699980,1,0.27
489,72,long-beach-va,Long Beach (VA),Teste,1,0.000002,0,0.11,MLP+KMeans(k=8),0.817609,1,0.27
490,73,long-beach-va,Long Beach (VA),Validacao,0,0.000280,0,0.11,MLP+KMeans(k=8),0.095297,0,0.27
491,74,long-beach-va,Long Beach (VA),Treino,1,0.000003,0,0.11,MLP+KMeans(k=8),0.916431,1,0.27
492,75,long-beach-va,Long Beach (VA),Treino,1,0.050525,0,0.11,MLP+KMeans(k=8),0.848425,1,0.27
493,76,long-beach-va,Long Beach (VA),Teste,1,0.992889,1,0.11,MLP+KMeans(k=8),0.857876,1,0.27
494,77,long-beach-va,Long Beach (VA),Treino,1,0.927020,1,0.11,MLP+KMeans(k=8),0.363611,1,0.27
495,78,long-beach-va,Long Beach (VA),Treino,1,0.296676,1,0.11,MLP+KMeans(k=8),0.107553,0,0.27
496,79,long-beach-va,Long Beach (VA),Treino,1,0.127880,1,0.11,MLP+KMeans(k=8),0.927551,1,0.27
497,80,long-beach-va,Long Beach (VA),Treino,1,0.000243,0,0.11,MLP+KMeans(k=8),0.600202,1,0.27
498,81,long-beach-va,Long Beach (VA),Treino,0,1.000000,1,0.11,MLP+KMeans(k=8),0.829086,1,0.27
499,82,long-beach-va,Long Beach (VA),Treino,1,0.000002,0,0.11,MLP+KMeans(k=8),0.872128,1,0.27
500,83,long-beach-va,Long Beach (VA),Validacao,1,0.998343,1,0.11,MLP+KMeans(k=8),0.941249,1,0.27
501,84,long-beach-va,Long Beach (VA),Treino,1,0.018017,0,0.11,MLP+KMeans(k=8),0.879541,1,0.27
502,85,long-beach-va,Long Beach (VA),Treino,1,0.000009,0,0.11,MLP+KMeans(k=8),0.910517,1,0.27
503,86,long-beach-va,Long Beach (VA),Treino,1,0.001546,0,0.11,MLP+KMeans(k=8),0.889165,1,0.27
504,87,long-beach-va,Long Beach (VA),Validacao,1,0.000009,0,0.11,MLP+KMeans(k=8),0.779629,1,0.27
505,88,long-beach-va,Long Beach (VA),Treino,0,0.000024,0,0.11,MLP+KMeans(k=8),0.697021,1,0.27
506,89,long-beach-va,Long Beach (VA),Treino,1,0.734435,1,0.11,MLP+KMeans(k=8),0.980867,1,0.27
507,90,long-beach-va,Long Beach (VA),Treino,1,0.000116,0,0.11,MLP+KMeans(k=8),0.573317,1,0.27
508,91,long-beach-va,Long Beach (VA),Treino,1,0.046056,0,0.11,MLP+KMeans(k=8),0.886103,1,0.27
509,92,long-beach-va,Long Beach (VA),Treino,0,0.995516,1,0.11,MLP+KMeans(k=8),0.731456,1,0.27
510,93,long-beach-va,Long Beach (VA),Treino,1,0.998614,1,0.11,MLP+KMeans(k=8),0.875554,1,0.27
511,94,long-beach-va,Long Beach (VA),Treino,1,0.000191,0,0.11,MLP+KMeans(k=8),0.625576,1,0.27
512,95,long-beach-va,Long Beach (VA),Validacao,0,0.000016,0,0.11,MLP+KMeans(k=8),0.471950,1,0.27
513,96,long-beach-va,Long Beach (VA),Treino,1,0.999976,1,0.11,MLP+KMeans(k=8),0.983938,1,0.27
514,97,long-beach-va,Long Beach (VA),Treino,0,0.000007,0,0.11,MLP+KMeans(k=8),0.053406,0,0.27
515,98,long-beach-va,Long Beach (VA),Treino,1,0.000000,0,0.11,MLP+KMeans(k=8),0.220898,0,0.27
516,99,long-beach-va,Long Beach (VA),Treino,1,0.950499,1,0.11,MLP+KMeans(k=8),0.801186,1,0.27
517,100,long-beach-va,Long Beach (VA),Treino,0,0.993376,1,0.11,MLP+KMeans(k=8),0.838712,1,0.27
518,101,long-beach-va,Long Beach (VA),Treino,1,0.001058,0,0.11,MLP+KMeans(k=8),0.785072,1,0.27
519,102,long-beach-va,Long Beach (VA),Treino,1,0.043699,0,0.11,MLP+KMeans(k=8),0.893604,1,0.27
520,103,long-beach-va,Long Beach (VA),Teste,1,0.988009,1,0.11,MLP+KMeans(k=8),0.728409,1,0.27
521,104,long-beach-va,Long Beach (VA),Treino,1,0.016293,0,0.11,MLP+KMeans(k=8),0.647663,1,0.27
522,105,long-beach-va,Long Beach (VA),Treino,0,0.000039,0,0.11,MLP+KMeans(k=8),0.563464,1,0.27
523,106,long-beach-va,Long Beach (VA),Teste,1,0.000103,0,0.11,MLP+KMeans(k=8),0.921372,1,0.27
524,107,long-beach-va,Long Beach (VA),Treino,1,0.994421,1,0.11,MLP+KMeans(k=8),0.621420,1,0.27
525,108,long-beach-va,Long Beach (VA),Treino,1,0.000501,0,0.11,MLP+KMeans(k=8),0.928076,1,0.27
526,109,long-beach-va,Long Beach (VA),Treino,0,0.000031,0,0.11,MLP+KMeans(k=8),0.460890,1,0.27
527,110,long-beach-va,Long Beach (VA),Treino,0,0.000068,0,0.11,MLP+KMeans(k=8),0.098349,0,0.27
528,111,long-beach-va,Long Beach (VA),Treino,1,0.023360,0,0.11,MLP+KMeans(k=8),0.421326,1,0.27
529,112,long-beach-va,Long Beach (VA),Treino,0,0.003179,0,0.11,MLP+KMeans(k=8),0.091291,0,0.27
530,113,long-beach-va,Long Beach (VA),Treino,1,0.000123,0,0.11,MLP+KMeans(k=8),0.226044,0,0.27
531,114,long-beach-va,Long Beach (VA),Treino,1,0.000024,0,0.11,MLP+KMeans(k=8),0.551353,1,0.27
532,115,long-beach-va,Long Beach (VA),Treino,1,0.000014,0,0.11,MLP+KMeans(k=8),0.402653,1,0.27
533,117,long-beach-va,Long Beach (VA),Treino,1,0.014980,0,0.11,MLP+KMeans(k=8),0.804834,1,0.27
534,119,long-beach-va,Long Beach (VA),Treino,1,0.004201,0,0.11,MLP+KMeans(k=8),0.840028,1,0.27
535,120,long-beach-va,Long Beach (VA),Teste,1,0.000001,0,0.11,MLP+KMeans(k=8),0.846694,1,0.27
536,121,long-beach-va,Long Beach (VA),Validacao,1,0.000002,0,0.11,MLP+KMeans(k=8),0.841209,1,0.27
537,122,long-beach-va,Long Beach (VA),Teste,1,0.994560,1,0.11,MLP+KMeans(k=8),0.527551,1,0.27
538,124,long-beach-va,Long Beach (VA),Teste,1,0.999402,1,0.11,MLP+KMeans(k=8),0.879412,1,0.27
539,125,long-beach-va,Long Beach (VA),Treino,1,0.002920,0,0.11,MLP+KMeans(k=8),0.985555,1,0.27
540,126,long-beach-va,Long Beach (VA),Teste,1,0.005227,0,0.11,MLP+KMeans(k=8),0.963349,1,0.27
541,127,long-beach-va,Long Beach (VA),Treino,0,0.004129,0,0.11,MLP+KMeans(k=8),0.350274,1,0.27
542,128,long-beach-va,Long Beach (VA),Teste,1,0.000017,0,0.11,MLP+KMeans(k=8),0.366751,1,0.27
543,129,long-beach-va,Long Beach (VA),Treino,1,0.000009,0,0.11,MLP+KMeans(k=8),0.829858,1,0.27
544,130,long-beach-va,Long Beach (VA),Validacao,1,0.956486,1,0.11,MLP+KMeans(k=8),0.721477,1,0.27
545,131,long-beach-va,Long Beach (VA),Treino,1,0.226756,1,0.11,MLP+KMeans(k=8),0.955294,1,0.27
546,132,long-beach-va,Long Beach (VA),Treino,0,0.616536,1,0.11,MLP+KMeans(k=8),0.232734,0,0.27
547,133,long-beach-va,Long Beach (VA),Teste,0,0.001022,0,0.11,MLP+KMeans(k=8),0.318513,1,0.27
548,134,long-beach-va,Long Beach (VA),Teste,1,0.000000,0,0.11,MLP+KMeans(k=8),0.505540,1,0.27
549,135,long-beach-va,Long Beach (VA),Teste,1,0.776903,1,0.11,MLP+KMeans(k=8),0.650090,1,0.27
550,136,long-beach-va,Long Beach (VA),Treino,1,0.000002,0,0.11,MLP+KMeans(k=8),0.704151,1,0.27
551,137,long-beach-va,Long Beach (VA),Treino,0,0.000065,0,0.11,MLP+KMeans(k=8),0.248338,0,0.27
552,138,long-beach-va,Long Beach (VA),Treino,1,1.000000,1,0.11,MLP+KMeans(k=8),0.732873,1,0.27
553,139,long-beach-va,Long Beach (VA),Treino,0,0.921245,1,0.11,MLP+KMeans(k=8),0.366375,1,0.27
554,140,long-beach-va,Long Beach (VA),Treino,1,0.000034,0,0.11,MLP+KMeans(k=8),0.343184,1,0.27
555,141,long-beach-va,Long Beach (VA),Treino,1,0.000048,0,0.11,MLP+KMeans(k=8),0.752968,1,0.27
556,142,long-beach-va,Long Beach (VA),Treino,0,0.000003,0,0.11,MLP+KMeans(k=8),0.552108,1,0.27
557,143,long-beach-va,Long Beach (VA),Treino,1,0.072578,0,0.11,MLP+KMeans(k=8),0.621352,1,0.27
558,144,long-beach-va,Long Beach (VA),Teste,0,0.997207,1,0.11,MLP+KMeans(k=8),0.981769,1,0.27
559,145,long-beach-va,Long Beach (VA),Treino,1,0.000016,0,0.11,MLP+KMeans(k=8),0.621045,1,0.27
560,146,long-beach-va,Long Beach (VA),Treino,1,0.000040,0,0.11,MLP+KMeans(k=8),0.250584,0,0.27
561,147,long-beach-va,Long Beach (VA),Teste,1,0.957130,1,0.11,MLP+KMeans(k=8),0.947032,1,0.27
562,148,long-beach-va,Long Beach (VA),Treino,0,0.000015,0,0.11,MLP+KMeans(k=8),0.186273,0,0.27
563,149,long-beach-va,Long Beach (VA),Treino,0,0.000020,0,0.11,MLP+KMeans(k=8),0.072601,0,0.27
564,150,long-beach-va,Long Beach (VA),Treino,0,0.000001,0,0.11,MLP+KMeans(k=8),0.883746,1,0.27
565,151,long-beach-va,Long Beach (VA),Treino,1,0.000014,0,0.11,MLP+KMeans(k=8),0.768938,1,0.27
566,152,long-beach-va,Long Beach (VA),Treino,1,0.000000,0,0.11,MLP+KMeans(k=8),0.920652,1,0.27
567,153,long-beach-va,Long Beach (VA),Treino,1,0.004823,0,0.11,MLP+KMeans(k=8),0.478094,1,0.27
568,154,long-beach-va,Long Beach (VA),Treino,0,0.001752,0,0.11,MLP+KMeans(k=8),0.922263,1,0.27
569,155,long-beach-va,Long Beach (VA),Treino,1,0.004472,0,0.11,MLP+KMeans(k=8),0.812198,1,0.27
570,156,long-beach-va,Long Beach (VA),Treino,1,0.762414,1,0.11,MLP+KMeans(k=8),0.748354,1,0.27
571,157,long-beach-va,Long Beach (VA),Treino,1,0.832016,1,0.11,MLP+KMeans(k=8),0.899798,1,0.27
572,158,long-beach-va,Long Beach (VA),Treino,1,0.000559,0,0.11,MLP+KMeans(k=8),0.856011,1,0.27
573,159,long-beach-va,Long Beach (VA),Treino,1,0.000024,0,0.11,MLP+KMeans(k=8),0.874067,1,0.27
574,161,long-beach-va,Long Beach (VA),Treino,1,0.000456,0,0.11,MLP+KMeans(k=8),0.743080,1,0.27
575,162,long-beach-va,Long Beach (VA),Treino,1,0.013094,0,0.11,MLP+KMeans(k=8),0.874135,1,0.27
576,163,long-beach-va,Long Beach (VA),Validacao,1,0.000019,0,0.11,MLP+KMeans(k=8),0.851035,1,0.27
577,164,long-beach-va,Long Beach (VA),Treino,1,0.002298,0,0.11,MLP+KMeans(k=8),0.870593,1,0.27
578,165,long-beach-va,Long Beach (VA),Validacao,1,0.000746,0,0.11,MLP+KMeans(k=8),0.908093,1,0.27
579,166,long-beach-va,Long Beach (VA),Treino,1,0.799201,1,0.11,MLP+KMeans(k=8),0.476957,1,0.27
580,167,long-beach-va,Long Beach (VA),Treino,1,0.161670,1,0.11,MLP+KMeans(k=8),0.928505,1,0.27
581,168,long-beach-va,Long Beach (VA),Validacao,1,0.003269,0,0.11,MLP+KMeans(k=8),0.822112,1,0.27
582,169,long-beach-va,Long Beach (VA),Treino,1,0.000011,0,0.11,MLP+KMeans(k=8),0.368383,1,0.27
583,170,long-beach-va,Long Beach (VA),Treino,1,0.000000,0,0.11,MLP+KMeans(k=8),0.785735,1,0.27
584,171,long-beach-va,Long Beach (VA),Treino,1,0.954818,1,0.11,MLP+KMeans(k=8),0.965786,1,0.27
585,172,long-beach-va,Long Beach (VA),Treino,0,0.000805,0,0.11,MLP+KMeans(k=8),0.353470,1,0.27
586,173,long-beach-va,Long Beach (VA),Treino,1,0.000087,0,0.11,MLP+KMeans(k=8),0.824560,1,0.27
587,174,long-beach-va,Long Beach (VA),Teste,1,0.976459,1,0.11,MLP+KMeans(k=8),0.639469,1,0.27
588,175,long-beach-va,Long Beach (VA),Treino,1,0.000849,0,0.11,MLP+KMeans(k=8),0.941701,1,0.27
589,176,long-beach-va,Long Beach (VA),Validacao,0,0.000000,0,0.11,MLP+KMeans(k=8),0.143316,0,0.27
590,177,long-beach-va,Long Beach (VA),Treino,1,0.002289,0,0.11,MLP+KMeans(k=8),0.808797,1,0.27
591,178,long-beach-va,Long Beach (VA),Treino,1,0.981874,1,0.11,MLP+KMeans(k=8),0.884727,1,0.27
592,179,long-beach-va,Long Beach (VA),Treino,0,0.000142,0,0.11,MLP+KMeans(k=8),0.222783,0,0.27
593,180,long-beach-va,Long Beach (VA),Treino,0,0.000187,0,0.11,MLP+KMeans(k=8),0.581770,1,0.27
594,181,long-beach-va,Long Beach (VA),Treino,1,0.018344,0,0.11,MLP+KMeans(k=8),0.964783,1,0.27
595,182,long-beach-va,Long Beach (VA),Validacao,1,0.000229,0,0.11,MLP+KMeans(k=8),0.613758,1,0.27
596,183,long-beach-va,Long Beach (VA),Treino,1,0.798873,1,0.11,MLP+KMeans(k=8),0.963162,1,0.27
597,184,long-beach-va,Long Beach (VA),Treino,1,0.000001,0,0.11,MLP+KMeans(k=8),0.949744,1,0.27
598,185,long-beach-va,Long Beach (VA),Treino,1,0.835795,1,0.11,MLP+KMeans(k=8),0.315596,1,0.27
599,186,long-beach-va,Long Beach (VA),Validacao,0,0.000015,0,0.11,MLP+KMeans(k=8),0.194528,0,0.27
600,187,long-beach-va,Long Beach (VA),Treino,1,0.000018,0,0.11,MLP+KMeans(k=8),0.838324,1,0.27
601,188,long-beach-va,Long Beach (VA),Validacao,1,0.268199,1,0.11,MLP+KMeans(k=8),0.934671,1,0.27
602,189,long-beach-va,Long Beach (VA),Treino,0,0.480316,1,0.11,MLP+KMeans(k=8),0.881363,1,0.27
603,190,long-beach-va,Long Beach (VA),Treino,1,0.003020,0,0.11,MLP+KMeans(k=8),0.168734,0,0.27
604,191,long-beach-va,Long Beach (VA),Treino,1,0.999875,1,0.11,MLP+KMeans(k=8),0.708715,1,0.27
605,192,long-beach-va,Long Beach (VA),Treino,1,0.072578,0,0.11,MLP+KMeans(k=8),0.621352,1,0.27
606,193,long-beach-va,Long Beach (VA),Teste,1,0.995354,1,0.11,MLP+KMeans(k=8),0.957438,1,0.27
607,194,long-beach-va,Long Beach (VA),Treino,0,0.000000,0,0.11,MLP+KMeans(k=8),0.631430,1,0.27
608,195,long-beach-va,Long Beach (VA),Treino,0,0.844443,1,0.11,MLP+KMeans(k=8),0.727853,1,0.27
609,196,long-beach-va,Long Beach (VA),Validacao,1,0.954447,1,0.11,MLP+KMeans(k=8),0.978498,1,0.27
610,197,long-beach-va,Long Beach (VA),Treino,1,0.118419,1,0.11,MLP+KMeans(k=8),0.955010,1,0.27
611,198,long-beach-va,Long Beach (VA),Treino,1,0.001791,0,0.11,MLP+KMeans(k=8),0.717191,1,0.27
612,199,long-beach-va,Long Beach (VA),Treino,1,0.125595,1,0.11,MLP+KMeans(k=8),0.179352,0,0.27
613,200,long-beach-va,Long Beach (VA),Treino,1,0.000034,0,0.11,MLP+KMeans(k=8),0.644473,1,0.27
614,201,long-beach-va,Long Beach (VA),Treino,0,0.001987,0,0.11,MLP+KMeans(k=8),0.084039,0,0.27
615,202,long-beach-va,Long Beach (VA),Validacao,1,0.124833,1,0.11,MLP+KMeans(k=8),0.848355,1,0.27
616,116,long-beach-va,Long Beach (VA),Treino,0,0.936765,1,0.11,MLP+KMeans(k=8),0.453402,1,0.27
617,160,long-beach-va,Long Beach (VA),Treino,1,0.968583,1,0.11,MLP+KMeans(k=8),0.661297,1,0.27
