volume,total_records,model,accuracy,precision,recall,specificity,f1,auc,threshold,tp,tn,fp,fn
1x,617,MLP-Normal(13f),0.750000,0.880952,0.672727,0.864865,0.762887,0.786241,0.11,37,32,5,18
1x,617,MLP+KMeans(k=2),0.826087,0.819672,0.909091,0.702703,0.862069,0.871744,0.31,50,26,11,5
1x,617,MLP+KMeans(k=3),0.847826,0.901961,0.836364,0.864865,0.867925,0.869287,0.48,46,32,5,9
1x,617,MLP+KMeans(k=4),0.815217,0.895833,0.781818,0.864865,0.834951,0.879607,0.48,43,32,5,12
1x,617,MLP+KMeans(k=5),0.804348,0.793651,0.909091,0.648649,0.847458,0.890909,0.21,50,24,13,5
1x,617,MLP+KMeans(k=6),0.836957,0.822581,0.927273,0.702703,0.871795,0.875676,0.23,51,26,11,4
2x,1234,MLP-Normal(13f),0.756757,0.775000,0.837838,0.635135,0.805195,0.813854,0.78,93,47,27,18
2x,1234,MLP+KMeans(k=2),0.843243,0.836066,0.918919,0.729730,0.875536,0.903092,0.39,102,54,20,9
2x,1234,MLP+KMeans(k=3),0.848649,0.867257,0.882883,0.797297,0.875000,0.889335,0.45,98,59,15,13
2x,1234,MLP+KMeans(k=4),0.843243,0.836066,0.918919,0.729730,0.875536,0.910275,0.37,102,54,20,9
2x,1234,MLP+KMeans(k=5),0.864865,0.877193,0.900901,0.810811,0.888889,0.912467,0.44,100,60,14,11
2x,1234,MLP+KMeans(k=6),0.843243,0.836066,0.918919,0.729730,0.875536,0.894692,0.36,102,54,20,9
3x,1851,MLP-Normal(13f),0.772563,0.778378,0.867470,0.630631,0.820513,0.807772,0.22,144,70,41,22
3x,1851,MLP+KMeans(k=2),0.866426,0.837696,0.963855,0.720721,0.896359,0.919516,0.23,160,80,31,6
3x,1851,MLP+KMeans(k=3),0.880866,0.863388,0.951807,0.774775,0.905444,0.915608,0.32,158,86,25,8
3x,1851,MLP+KMeans(k=4),0.862816,0.851648,0.933735,0.756757,0.890805,0.917671,0.38,155,84,27,11
3x,1851,MLP+KMeans(k=5),0.866426,0.856354,0.933735,0.765766,0.893372,0.916043,0.33,155,85,26,11
3x,1851,MLP+KMeans(k=6),0.851986,0.823834,0.957831,0.693694,0.885794,0.925811,0.21,159,77,34,7
