model,category,k,accuracy,precision,recall,specificity,f1,auc,threshold,tp,tn,fp,fn,feature_cost,delayed_tests
MLP-Normal(13f),MLP-Normal,,0.750000,0.880952,0.672727,0.864865,0.762887,0.786241,0.11,37,32,5,18,323.97,9
MLP+KMeans(k=2),MLP+KMeans,2,0.826087,0.819672,0.909091,0.702703,0.862069,0.871744,0.31,50,26,11,5,323.97,9
MLP+KMeans(k=3),MLP+KMeans,3,0.847826,0.901961,0.836364,0.864865,0.867925,0.869287,0.48,46,32,5,9,323.97,9
MLP+KMeans(k=4),MLP+KMeans,4,0.815217,0.895833,0.781818,0.864865,0.834951,0.879607,0.48,43,32,5,12,323.97,9
MLP+KMeans(k=5),MLP+KMeans,5,0.804348,0.793651,0.909091,0.648649,0.847458,0.890909,0.21,50,24,13,5,323.97,9
MLP+KMeans(k=6),MLP+KMeans,6,0.836957,0.822581,0.927273,0.702703,0.871795,0.875676,0.23,51,26,11,4,323.97,9
MLP+KMeans(k=7),MLP+KMeans,7,0.836957,0.812500,0.945455,0.675676,0.873950,0.883047,0.21,52,25,12,3,323.97,9
MLP+KMeans(k=8),MLP+KMeans,8,0.847826,0.836066,0.927273,0.729730,0.879310,0.887961,0.27,51,27,10,4,323.97,9
MLP+KMeans(k=9),MLP+KMeans,9,0.836957,0.900000,0.818182,0.864865,0.857143,0.898280,0.49,45,32,5,10,323.97,9
MLP+KMeans(k=10),MLP+KMeans,10,0.793478,0.891304,0.745455,0.864865,0.811881,0.894349,0.66,41,32,5,14,323.97,9
